[{"model": "admin.logentry", "pk": 1, "fields": {"action_time": "2023-08-31T12:26:06.379Z", "user": 1, "content_type": 9, "object_id": "1", "object_repr": "Test 22", "action_flag": 1, "change_message": "[{\"added\": {}}]"}}, {"model": "admin.logentry", "pk": 2, "fields": {"action_time": "2023-08-31T12:26:55.015Z", "user": 1, "content_type": 7, "object_id": "1", "object_repr": "Analog Electronic Circuit EEE 303", "action_flag": 1, "change_message": "[{\"added\": {}}]"}}, {"model": "admin.logentry", "pk": 3, "fields": {"action_time": "2023-08-31T12:29:12.423Z", "user": 1, "content_type": 9, "object_id": "2", "object_repr": "Test 19", "action_flag": 1, "change_message": "[{\"added\": {}}]"}}, {"model": "admin.logentry", "pk": 4, "fields": {"action_time": "2023-08-31T12:29:32.854Z", "user": 1, "content_type": 9, "object_id": "3", "object_repr": "Test 17", "action_flag": 1, "change_message": "[{\"added\": {}}]"}}, {"model": "admin.logentry", "pk": 5, "fields": {"action_time": "2023-08-31T12:29:52.449Z", "user": 1, "content_type": 9, "object_id": "4", "object_repr": "Test 16", "action_flag": 1, "change_message": "[{\"added\": {}}]"}}, {"model": "admin.logentry", "pk": 6, "fields": {"action_time": "2023-08-31T12:30:08.832Z", "user": 1, "content_type": 9, "object_id": "5", "object_repr": "Test 17", "action_flag": 1, "change_message": "[{\"added\": {}}]"}}, {"model": "admin.logentry", "pk": 7, "fields": {"action_time": "2023-08-31T12:31:33.610Z", "user": 1, "content_type": 9, "object_id": "6", "object_repr": "Test 18", "action_flag": 1, "change_message": "[{\"added\": {}}]"}}, {"model": "admin.logentry", "pk": 8, "fields": {"action_time": "2023-08-31T12:31:53.637Z", "user": 1, "content_type": 9, "object_id": "5", "object_repr": "Test 17.0", "action_flag": 3, "change_message": ""}}, {"model": "admin.logentry", "pk": 9, "fields": {"action_time": "2023-08-31T12:32:08.069Z", "user": 1, "content_type": 9, "object_id": "7", "object_repr": "Test 23", "action_flag": 1, "change_message": "[{\"added\": {}}]"}}, {"model": "admin.logentry", "pk": 10, "fields": {"action_time": "2023-08-31T12:32:39.583Z", "user": 1, "content_type": 9, "object_id": "8", "object_repr": "Test 4", "action_flag": 1, "change_message": "[{\"added\": {}}]"}}, {"model": "admin.logentry", "pk": 11, "fields": {"action_time": "2023-08-31T12:36:29.291Z", "user": 1, "content_type": 7, "object_id": "2", "object_repr": "Analog Electronic Circuit EEE 303", "action_flag": 1, "change_message": "[{\"added\": {}}]"}}, {"model": "admin.logentry", "pk": 12, "fields": {"action_time": "2023-08-31T12:36:42.294Z", "user": 1, "content_type": 7, "object_id": "3", "object_repr": "Analog Electronic Circuit EEE 303", "action_flag": 1, "change_message": "[{\"added\": {}}]"}}, {"model": "admin.logentry", "pk": 13, "fields": {"action_time": "2023-08-31T12:36:54.768Z", "user": 1, "content_type": 7, "object_id": "4", "object_repr": "Analog Electronic Circuit EEE 303", "action_flag": 1, "change_message": "[{\"added\": {}}]"}}, {"model": "admin.logentry", "pk": 14, "fields": {"action_time": "2023-08-31T12:37:08.638Z", "user": 1, "content_type": 7, "object_id": "5", "object_repr": "Analog Electronic Circuit EEE 303", "action_flag": 1, "change_message": "[{\"added\": {}}]"}}, {"model": "admin.logentry", "pk": 15, "fields": {"action_time": "2023-08-31T12:37:22.567Z", "user": 1, "content_type": 7, "object_id": "6", "object_repr": "Analog Electronic Circuit EEE 303", "action_flag": 1, "change_message": "[{\"added\": {}}]"}}, {"model": "admin.logentry", "pk": 16, "fields": {"action_time": "2023-08-31T12:37:40.183Z", "user": 1, "content_type": 7, "object_id": "7", "object_repr": "Analog Electronic Circuit EEE 303", "action_flag": 1, "change_message": "[{\"added\": {}}]"}}, {"model": "admin.logentry", "pk": 17, "fields": {"action_time": "2023-08-31T12:46:01.156Z", "user": 1, "content_type": 8, "object_id": "1", "object_repr": "Mordecai Jacob\":\" ENG/COE/20/013", "action_flag": 1, "change_message": "[{\"added\": {}}]"}}, {"model": "admin.logentry", "pk": 18, "fields": {"action_time": "2023-08-31T12:51:04.679Z", "user": 1, "content_type": 8, "object_id": "2", "object_repr": "Vakkai Bartholomew\":\" ENG/COE/20/004", "action_flag": 1, "change_message": "[{\"added\": {}}]"}}, {"model": "admin.logentry", "pk": 19, "fields": {"action_time": "2023-08-31T12:51:38.043Z", "user": 1, "content_type": 8, "object_id": "3", "object_repr": "Emoya Ingyaken\":\" ENG/COE/20/006", "action_flag": 1, "change_message": "[{\"added\": {}}]"}}, {"model": "admin.logentry", "pk": 20, "fields": {"action_time": "2023-08-31T12:52:26.016Z", "user": 1, "content_type": 8, "object_id": "4", "object_repr": "Possible Sangkpbown\":\" ENG/COE/20/008", "action_flag": 1, "change_message": "[{\"added\": {}}]"}}, {"model": "admin.logentry", "pk": 21, "fields": {"action_time": "2023-08-31T12:53:09.746Z", "user": 1, "content_type": 8, "object_id": "5", "object_repr": "Rewus Jezreel\":\" ENG/COE/20/012", "action_flag": 1, "change_message": "[{\"added\": {}}]"}}, {"model": "admin.logentry", "pk": 22, "fields": {"action_time": "2023-08-31T12:53:51.114Z", "user": 1, "content_type": 8, "object_id": "6", "object_repr": "Abah Abah\":\" Not given", "action_flag": 1, "change_message": "[{\"added\": {}}]"}}, {"model": "admin.logentry", "pk": 23, "fields": {"action_time": "2023-08-31T12:54:35.642Z", "user": 1, "content_type": 8, "object_id": "7", "object_repr": "Khanin Peter\":\" ENG/COE/20/005", "action_flag": 1, "change_message": "[{\"added\": {}}]"}}, {"model": "admin.logentry", "pk": 24, "fields": {"action_time": "2023-08-31T12:55:15.889Z", "user": 1, "content_type": 8, "object_id": "8", "object_repr": "Idagu Obogo\":\" ENG/COE/20/002", "action_flag": 1, "change_message": "[{\"added\": {}}]"}}, {"model": "admin.logentry", "pk": 25, "fields": {"action_time": "2023-08-31T12:57:29.139Z", "user": 1, "content_type": 8, "object_id": "9", "object_repr": "Micaiah Dogara\":\" ENG/COE/20/007", "action_flag": 1, "change_message": "[{\"added\": {}}]"}}, {"model": "admin.logentry", "pk": 26, "fields": {"action_time": "2023-08-31T12:58:08.235Z", "user": 1, "content_type": 8, "object_id": "10", "object_repr": "Gideon Shadrach\":\" ENG/COE/20/010", "action_flag": 1, "change_message": "[{\"added\": {}}]"}}, {"model": "admin.logentry", "pk": 27, "fields": {"action_time": "2023-08-31T12:58:39.469Z", "user": 1, "content_type": 8, "object_id": "11", "object_repr": "Muhammad Yusuf\":\" ENG/COE/20/033", "action_flag": 1, "change_message": "[{\"added\": {}}]"}}, {"model": "admin.logentry", "pk": 28, "fields": {"action_time": "2023-08-31T12:59:12.679Z", "user": 1, "content_type": 8, "object_id": "12", "object_repr": "Atabo Moses\":\" ENG/COE/20/003", "action_flag": 1, "change_message": "[{\"added\": {}}]"}}, {"model": "admin.logentry", "pk": 29, "fields": {"action_time": "2023-09-04T14:53:51.756Z", "user": 1, "content_type": 8, "object_id": "6", "object_repr": "Abah Abah\":\" ENG/COE/20/009", "action_flag": 2, "change_message": "[{\"changed\": {\"fields\": [\"Matric number\"]}}]"}}, {"model": "admin.logentry", "pk": 30, "fields": {"action_time": "2023-09-04T14:55:46.462Z", "user": 1, "content_type": 9, "object_id": "9", "object_repr": "Test 26", "action_flag": 1, "change_message": "[{\"added\": {}}]"}}, {"model": "admin.logentry", "pk": 31, "fields": {"action_time": "2023-09-04T14:56:07.997Z", "user": 1, "content_type": 7, "object_id": "8", "object_repr": "Electrical Machines EEE 307 26.0", "action_flag": 1, "change_message": "[{\"added\": {}}]"}}, {"model": "admin.logentry", "pk": 32, "fields": {"action_time": "2023-09-04T14:56:46.499Z", "user": 1, "content_type": 8, "object_id": "13", "object_repr": "Ama David\":\" PAS/PAP/20/008", "action_flag": 1, "change_message": "[{\"added\": {}}]"}}, {"model": "admin.logentry", "pk": 33, "fields": {"action_time": "2023-09-04T14:57:45.196Z", "user": 1, "content_type": 8, "object_id": "14", "object_repr": "Idagu Obogo\":\" ENG/COE/20/002", "action_flag": 1, "change_message": "[{\"added\": {}}]"}}, {"model": "admin.logentry", "pk": 34, "fields": {"action_time": "2023-09-06T20:56:05.240Z", "user": 1, "content_type": 9, "object_id": "10", "object_repr": "Test 20", "action_flag": 1, "change_message": "[{\"added\": {}}]"}}, {"model": "admin.logentry", "pk": 35, "fields": {"action_time": "2023-09-06T20:57:15.380Z", "user": 1, "content_type": 9, "object_id": "11", "object_repr": "Test 9", "action_flag": 1, "change_message": "[{\"added\": {}}]"}}, {"model": "admin.logentry", "pk": 36, "fields": {"action_time": "2023-09-06T20:57:37.472Z", "user": 1, "content_type": 9, "object_id": "12", "object_repr": "Test 11", "action_flag": 1, "change_message": "[{\"added\": {}}]"}}, {"model": "admin.logentry", "pk": 37, "fields": {"action_time": "2023-09-06T20:59:28.864Z", "user": 1, "content_type": 9, "object_id": "13", "object_repr": "Test 8", "action_flag": 1, "change_message": "[{\"added\": {}}]"}}, {"model": "admin.logentry", "pk": 38, "fields": {"action_time": "2023-09-06T20:59:51.460Z", "user": 1, "content_type": 9, "object_id": "14", "object_repr": "Test 12", "action_flag": 1, "change_message": "[{\"added\": {}}]"}}, {"model": "admin.logentry", "pk": 39, "fields": {"action_time": "2023-09-06T21:00:22.476Z", "user": 1, "content_type": 9, "object_id": "15", "object_repr": "Test 18", "action_flag": 1, "change_message": "[{\"added\": {}}]"}}, {"model": "admin.logentry", "pk": 40, "fields": {"action_time": "2023-09-06T21:00:43.580Z", "user": 1, "content_type": 9, "object_id": "15", "object_repr": "Test 10", "action_flag": 2, "change_message": "[{\"changed\": {\"fields\": [\"Score\"]}}]"}}, {"model": "admin.logentry", "pk": 41, "fields": {"action_time": "2023-09-06T21:02:00.103Z", "user": 1, "content_type": 7, "object_id": "9", "object_repr": "Electrical Machines EEE 307 22.0", "action_flag": 1, "change_message": "[{\"added\": {}}]"}}, {"model": "admin.logentry", "pk": 42, "fields": {"action_time": "2023-09-06T21:03:08.613Z", "user": 1, "content_type": 7, "object_id": "10", "object_repr": "Electrical Machines EEE 307 20.0", "action_flag": 1, "change_message": "[{\"added\": {}}]"}}, {"model": "admin.logentry", "pk": 43, "fields": {"action_time": "2023-09-06T21:03:29.614Z", "user": 1, "content_type": 7, "object_id": "11", "object_repr": "Electrical Machines EEE 307 9.0", "action_flag": 1, "change_message": "[{\"added\": {}}]"}}, {"model": "admin.logentry", "pk": 44, "fields": {"action_time": "2023-09-06T21:03:49.520Z", "user": 1, "content_type": 7, "object_id": "12", "object_repr": "Electrical Machines EEE 307 11.0", "action_flag": 1, "change_message": "[{\"added\": {}}]"}}, {"model": "admin.logentry", "pk": 45, "fields": {"action_time": "2023-09-06T21:04:18.068Z", "user": 1, "content_type": 7, "object_id": "13", "object_repr": "Electrical Machines EEE 307 8.0", "action_flag": 1, "change_message": "[{\"added\": {}}]"}}, {"model": "admin.logentry", "pk": 46, "fields": {"action_time": "2023-09-06T21:04:47.719Z", "user": 1, "content_type": 7, "object_id": "14", "object_repr": "Electrical Machines EEE 307 12.0", "action_flag": 1, "change_message": "[{\"added\": {}}]"}}, {"model": "admin.logentry", "pk": 47, "fields": {"action_time": "2023-09-06T21:05:12.141Z", "user": 1, "content_type": 7, "object_id": "15", "object_repr": "Electrical Machines EEE 307 10.0", "action_flag": 1, "change_message": "[{\"added\": {}}]"}}, {"model": "admin.logentry", "pk": 48, "fields": {"action_time": "2023-09-06T21:05:31.358Z", "user": 1, "content_type": 7, "object_id": "16", "object_repr": "Electrical Machines EEE 307 18.0", "action_flag": 1, "change_message": "[{\"added\": {}}]"}}, {"model": "admin.logentry", "pk": 49, "fields": {"action_time": "2023-09-06T21:07:11.588Z", "user": 1, "content_type": 8, "object_id": "15", "object_repr": "Ama David\":\" PAS/PAP/20/008", "action_flag": 1, "change_message": "[{\"added\": {}}]"}}, {"model": "admin.logentry", "pk": 50, "fields": {"action_time": "2023-09-06T21:07:37.536Z", "user": 1, "content_type": 8, "object_id": "16", "object_repr": "Terkuma Jude\":\" PAS/PAP/20/020", "action_flag": 1, "change_message": "[{\"added\": {}}]"}}, {"model": "admin.logentry", "pk": 51, "fields": {"action_time": "2023-09-06T21:08:32.176Z", "user": 1, "content_type": 8, "object_id": "17", "object_repr": "Muhammad Yusuf\":\" ENG/COE/21/033", "action_flag": 1, "change_message": "[{\"added\": {}}]"}}, {"model": "admin.logentry", "pk": 52, "fields": {"action_time": "2023-09-06T21:08:59.709Z", "user": 1, "content_type": 8, "object_id": "18", "object_repr": "Vakkai Bartholomew\":\" ENG/COE/20/004", "action_flag": 1, "change_message": "[{\"added\": {}}]"}}, {"model": "admin.logentry", "pk": 53, "fields": {"action_time": "2023-09-06T21:09:39.999Z", "user": 1, "content_type": 8, "object_id": "19", "object_repr": "Possible Sangkpbown\":\" ENG/COE/20/008", "action_flag": 1, "change_message": "[{\"added\": {}}]"}}, {"model": "admin.logentry", "pk": 54, "fields": {"action_time": "2023-09-06T21:10:27.777Z", "user": 1, "content_type": 8, "object_id": "20", "object_repr": "Abah Abah\":\" ENG/COE/20/009", "action_flag": 1, "change_message": "[{\"added\": {}}]"}}, {"model": "admin.logentry", "pk": 55, "fields": {"action_time": "2023-09-06T21:11:01.634Z", "user": 1, "content_type": 8, "object_id": "21", "object_repr": "Khanin Peter\":\" ENG/COE/20/005", "action_flag": 1, "change_message": "[{\"added\": {}}]"}}, {"model": "admin.logentry", "pk": 56, "fields": {"action_time": "2023-09-06T21:12:01.424Z", "user": 1, "content_type": 8, "object_id": "22", "object_repr": "Micaiah Dogara\":\" ENG/COE/20/007", "action_flag": 1, "change_message": "[{\"added\": {}}]"}}, {"model": "admin.logentry", "pk": 57, "fields": {"action_time": "2023-09-06T21:12:29.411Z", "user": 1, "content_type": 8, "object_id": "23", "object_repr": "Emoya Ingyaken\":\" ENG/COE/20/006", "action_flag": 1, "change_message": "[{\"added\": {}}]"}}, {"model": "admin.logentry", "pk": 58, "fields": {"action_time": "2023-09-06T21:13:08.180Z", "user": 1, "content_type": 8, "object_id": "24", "object_repr": "Gideon Shadrach\":\" ENG/COE/20/010", "action_flag": 1, "change_message": "[{\"added\": {}}]"}}, {"model": "admin.logentry", "pk": 59, "fields": {"action_time": "2023-09-06T21:13:51.031Z", "user": 1, "content_type": 8, "object_id": "25", "object_repr": "Atabo Moses\":\" ENG/COE/20/003", "action_flag": 1, "change_message": "[{\"added\": {}}]"}}, {"model": "admin.logentry", "pk": 60, "fields": {"action_time": "2023-09-06T21:30:33.235Z", "user": 1, "content_type": 9, "object_id": "16", "object_repr": "Test 24", "action_flag": 1, "change_message": "[{\"added\": {}}]"}}, {"model": "admin.logentry", "pk": 61, "fields": {"action_time": "2023-09-06T21:31:11.682Z", "user": 1, "content_type": 9, "object_id": "17", "object_repr": "Test 15", "action_flag": 1, "change_message": "[{\"added\": {}}]"}}, {"model": "admin.logentry", "pk": 62, "fields": {"action_time": "2023-09-06T21:31:48.683Z", "user": 1, "content_type": 9, "object_id": "18", "object_repr": "Test 14", "action_flag": 1, "change_message": "[{\"added\": {}}]"}}, {"model": "admin.logentry", "pk": 63, "fields": {"action_time": "2023-09-06T21:32:17.740Z", "user": 1, "content_type": 9, "object_id": "19", "object_repr": "Test 21", "action_flag": 1, "change_message": "[{\"added\": {}}]"}}, {"model": "admin.logentry", "pk": 64, "fields": {"action_time": "2023-09-06T21:33:11.058Z", "user": 1, "content_type": 7, "object_id": "17", "object_repr": "Circuit Theory I EEE 301 24.0", "action_flag": 1, "change_message": "[{\"added\": {}}]"}}, {"model": "admin.logentry", "pk": 65, "fields": {"action_time": "2023-09-06T21:33:52.417Z", "user": 1, "content_type": 7, "object_id": "18", "object_repr": "Circuit Theory I EEE 301 18.0", "action_flag": 1, "change_message": "[{\"added\": {}}]"}}, {"model": "admin.logentry", "pk": 66, "fields": {"action_time": "2023-09-06T21:34:23.199Z", "user": 1, "content_type": 7, "object_id": "19", "object_repr": "Circuit Theory I EEE 301 22.0", "action_flag": 1, "change_message": "[{\"added\": {}}]"}}, {"model": "admin.logentry", "pk": 67, "fields": {"action_time": "2023-09-06T21:34:54.494Z", "user": 1, "content_type": 7, "object_id": "20", "object_repr": "Circuit Theory I EEE 301 15.0", "action_flag": 1, "change_message": "[{\"added\": {}}]"}}, {"model": "admin.logentry", "pk": 68, "fields": {"action_time": "2023-09-06T21:35:12.945Z", "user": 1, "content_type": 7, "object_id": "21", "object_repr": "Circuit Theory I EEE 301 14.0", "action_flag": 1, "change_message": "[{\"added\": {}}]"}}, {"model": "admin.logentry", "pk": 69, "fields": {"action_time": "2023-09-06T21:35:31.223Z", "user": 1, "content_type": 7, "object_id": "22", "object_repr": "Circuit Theory I EEE 301 20.0", "action_flag": 1, "change_message": "[{\"added\": {}}]"}}, {"model": "admin.logentry", "pk": 70, "fields": {"action_time": "2023-09-06T21:36:06.604Z", "user": 1, "content_type": 7, "object_id": "23", "object_repr": "Circuit Theory I EEE 301 21.0", "action_flag": 1, "change_message": "[{\"added\": {}}]"}}, {"model": "admin.logentry", "pk": 71, "fields": {"action_time": "2023-09-06T21:37:50.508Z", "user": 1, "content_type": 8, "object_id": "26", "object_repr": "Possible Sangkpbown\":\" ENG/COE/20/008", "action_flag": 1, "change_message": "[{\"added\": {}}]"}}, {"model": "admin.logentry", "pk": 72, "fields": {"action_time": "2023-09-07T05:09:45.309Z", "user": 1, "content_type": 8, "object_id": "27", "object_repr": "Ama David\":\" PAS/PAP/20/008", "action_flag": 1, "change_message": "[{\"added\": {}}]"}}, {"model": "admin.logentry", "pk": 73, "fields": {"action_time": "2023-09-07T05:11:07.645Z", "user": 1, "content_type": 8, "object_id": "28", "object_repr": "Khanin Peter\":\" ENG/COE/20/005", "action_flag": 1, "change_message": "[{\"added\": {}}]"}}, {"model": "admin.logentry", "pk": 74, "fields": {"action_time": "2023-09-07T05:12:01.313Z", "user": 1, "content_type": 8, "object_id": "29", "object_repr": "Siki Atobore\":\" EDU/MED/20/004", "action_flag": 1, "change_message": "[{\"added\": {}}]"}}, {"model": "admin.logentry", "pk": 75, "fields": {"action_time": "2023-09-07T05:13:13.006Z", "user": 1, "content_type": 8, "object_id": "30", "object_repr": "Atabo Moses\":\" ENG/COE/20/003", "action_flag": 1, "change_message": "[{\"added\": {}}]"}}, {"model": "admin.logentry", "pk": 76, "fields": {"action_time": "2023-09-07T05:14:33.982Z", "user": 1, "content_type": 8, "object_id": "31", "object_repr": "Emoya Ingyaken\":\" ENG/COE/20/006", "action_flag": 1, "change_message": "[{\"added\": {}}]"}}, {"model": "admin.logentry", "pk": 77, "fields": {"action_time": "2023-09-07T05:15:48.582Z", "user": 1, "content_type": 8, "object_id": "32", "object_repr": "Rewus Jezreel\":\" ENG/COE/20/012", "action_flag": 1, "change_message": "[{\"added\": {}}]"}}, {"model": "admin.logentry", "pk": 78, "fields": {"action_time": "2023-09-07T05:16:26.863Z", "user": 1, "content_type": 8, "object_id": "33", "object_repr": "Vakkai Bartholomew\":\" ENG/COE/20/004", "action_flag": 1, "change_message": "[{\"added\": {}}]"}}, {"model": "admin.logentry", "pk": 79, "fields": {"action_time": "2023-09-07T05:17:07.173Z", "user": 1, "content_type": 8, "object_id": "34", "object_repr": "Terkuma Jude\":\" PAS/PAP/20/020", "action_flag": 1, "change_message": "[{\"added\": {}}]"}}, {"model": "admin.logentry", "pk": 80, "fields": {"action_time": "2023-09-07T05:17:45.914Z", "user": 1, "content_type": 8, "object_id": "35", "object_repr": "Micaiah Dogara\":\" ENG/COE/20/007", "action_flag": 1, "change_message": "[{\"added\": {}}]"}}, {"model": "admin.logentry", "pk": 81, "fields": {"action_time": "2023-09-07T05:18:19.867Z", "user": 1, "content_type": 8, "object_id": "36", "object_repr": "Muhammad Yusuf\":\" ENG/COE/21/033", "action_flag": 1, "change_message": "[{\"added\": {}}]"}}, {"model": "admin.logentry", "pk": 82, "fields": {"action_time": "2023-09-07T05:18:53.250Z", "user": 1, "content_type": 8, "object_id": "37", "object_repr": "Gideon Shadrach\":\" ENG/COE/20/010", "action_flag": 1, "change_message": "[{\"added\": {}}]"}}, {"model": "admin.logentry", "pk": 83, "fields": {"action_time": "2023-09-07T05:19:40.796Z", "user": 1, "content_type": 8, "object_id": "38", "object_repr": "Idagu Obogo\":\" ENG/COE/20/002", "action_flag": 1, "change_message": "[{\"added\": {}}]"}}, {"model": "admin.logentry", "pk": 84, "fields": {"action_time": "2023-09-07T05:20:12.649Z", "user": 1, "content_type": 8, "object_id": "39", "object_repr": "Abah Abah\":\" ENG/COE/20/009", "action_flag": 1, "change_message": "[{\"added\": {}}]"}}, {"model": "auth.permission", "pk": 1, "fields": {"name": "Can add log entry", "content_type": 1, "codename": "add_logentry"}}, {"model": "auth.permission", "pk": 2, "fields": {"name": "Can change log entry", "content_type": 1, "codename": "change_logentry"}}, {"model": "auth.permission", "pk": 3, "fields": {"name": "Can delete log entry", "content_type": 1, "codename": "delete_logentry"}}, {"model": "auth.permission", "pk": 4, "fields": {"name": "Can view log entry", "content_type": 1, "codename": "view_logentry"}}, {"model": "auth.permission", "pk": 5, "fields": {"name": "Can add permission", "content_type": 2, "codename": "add_permission"}}, {"model": "auth.permission", "pk": 6, "fields": {"name": "Can change permission", "content_type": 2, "codename": "change_permission"}}, {"model": "auth.permission", "pk": 7, "fields": {"name": "Can delete permission", "content_type": 2, "codename": "delete_permission"}}, {"model": "auth.permission", "pk": 8, "fields": {"name": "Can view permission", "content_type": 2, "codename": "view_permission"}}, {"model": "auth.permission", "pk": 9, "fields": {"name": "Can add group", "content_type": 3, "codename": "add_group"}}, {"model": "auth.permission", "pk": 10, "fields": {"name": "Can change group", "content_type": 3, "codename": "change_group"}}, {"model": "auth.permission", "pk": 11, "fields": {"name": "Can delete group", "content_type": 3, "codename": "delete_group"}}, {"model": "auth.permission", "pk": 12, "fields": {"name": "Can view group", "content_type": 3, "codename": "view_group"}}, {"model": "auth.permission", "pk": 13, "fields": {"name": "Can add user", "content_type": 4, "codename": "add_user"}}, {"model": "auth.permission", "pk": 14, "fields": {"name": "Can change user", "content_type": 4, "codename": "change_user"}}, {"model": "auth.permission", "pk": 15, "fields": {"name": "Can delete user", "content_type": 4, "codename": "delete_user"}}, {"model": "auth.permission", "pk": 16, "fields": {"name": "Can view user", "content_type": 4, "codename": "view_user"}}, {"model": "auth.permission", "pk": 17, "fields": {"name": "Can add content type", "content_type": 5, "codename": "add_contenttype"}}, {"model": "auth.permission", "pk": 18, "fields": {"name": "Can change content type", "content_type": 5, "codename": "change_contenttype"}}, {"model": "auth.permission", "pk": 19, "fields": {"name": "Can delete content type", "content_type": 5, "codename": "delete_contenttype"}}, {"model": "auth.permission", "pk": 20, "fields": {"name": "Can view content type", "content_type": 5, "codename": "view_contenttype"}}, {"model": "auth.permission", "pk": 21, "fields": {"name": "Can add session", "content_type": 6, "codename": "add_session"}}, {"model": "auth.permission", "pk": 22, "fields": {"name": "Can change session", "content_type": 6, "codename": "change_session"}}, {"model": "auth.permission", "pk": 23, "fields": {"name": "Can delete session", "content_type": 6, "codename": "delete_session"}}, {"model": "auth.permission", "pk": 24, "fields": {"name": "Can view session", "content_type": 6, "codename": "view_session"}}, {"model": "auth.permission", "pk": 25, "fields": {"name": "Can add class name", "content_type": 7, "codename": "add_classname"}}, {"model": "auth.permission", "pk": 26, "fields": {"name": "Can change class name", "content_type": 7, "codename": "change_classname"}}, {"model": "auth.permission", "pk": 27, "fields": {"name": "Can delete class name", "content_type": 7, "codename": "delete_classname"}}, {"model": "auth.permission", "pk": 28, "fields": {"name": "Can view class name", "content_type": 7, "codename": "view_classname"}}, {"model": "auth.permission", "pk": 29, "fields": {"name": "Can add student", "content_type": 8, "codename": "add_student"}}, {"model": "auth.permission", "pk": 30, "fields": {"name": "Can change student", "content_type": 8, "codename": "change_student"}}, {"model": "auth.permission", "pk": 31, "fields": {"name": "Can delete student", "content_type": 8, "codename": "delete_student"}}, {"model": "auth.permission", "pk": 32, "fields": {"name": "Can view student", "content_type": 8, "codename": "view_student"}}, {"model": "auth.permission", "pk": 33, "fields": {"name": "Can add evaluation", "content_type": 9, "codename": "add_evaluation"}}, {"model": "auth.permission", "pk": 34, "fields": {"name": "Can change evaluation", "content_type": 9, "codename": "change_evaluation"}}, {"model": "auth.permission", "pk": 35, "fields": {"name": "Can delete evaluation", "content_type": 9, "codename": "delete_evaluation"}}, {"model": "auth.permission", "pk": 36, "fields": {"name": "Can view evaluation", "content_type": 9, "codename": "view_evaluation"}}, {"model": "auth.user", "pk": 1, "fields": {"password": "pbkdf2_sha256$600000$AAAHYHRktKdQXK5lLAOEVo$hU6OJ7pz+XUTJ/p05CR88Og8xwemBo1/gRaO++3a0+A=", "last_login": "2023-08-31T12:04:30.092Z", "is_superuser": true, "username": "auduab", "first_name": "", "last_name": "", "email": "auduab@gmail.com", "is_staff": true, "is_active": true, "date_joined": "2023-08-31T12:04:08.195Z", "groups": [], "user_permissions": []}}, {"model": "contenttypes.contenttype", "pk": 1, "fields": {"app_label": "admin", "model": "logentry"}}, {"model": "contenttypes.contenttype", "pk": 2, "fields": {"app_label": "auth", "model": "permission"}}, {"model": "contenttypes.contenttype", "pk": 3, "fields": {"app_label": "auth", "model": "group"}}, {"model": "contenttypes.contenttype", "pk": 4, "fields": {"app_label": "auth", "model": "user"}}, {"model": "contenttypes.contenttype", "pk": 5, "fields": {"app_label": "contenttypes", "model": "contenttype"}}, {"model": "contenttypes.contenttype", "pk": 6, "fields": {"app_label": "sessions", "model": "session"}}, {"model": "contenttypes.contenttype", "pk": 7, "fields": {"app_label": "fuw", "model": "classname"}}, {"model": "contenttypes.contenttype", "pk": 8, "fields": {"app_label": "fuw", "model": "student"}}, {"model": "contenttypes.contenttype", "pk": 9, "fields": {"app_label": "fuw", "model": "evaluation"}}, {"model": "sessions.session", "pk": "b4vboij27e3jha120xuwcj6guo4pjnk3", "fields": {"session_data": ".eJxVjEsOAiEQBe_C2pAGpGFcup8zEKAbGTWQzGdlvLtOMgvdvqp6LxHittawLTyHicRFKHH63VLMD247oHtsty5zb-s8Jbkr8qCLHDvx83q4fwc1LvVbG4WUSSFkVfzgMSvLZ40FgFBDAswFBiTLZJ1DZdgYcINN2ifHJWrx_gDKHDdA:1qbgPW:uI1WBYYtIuZe2OF0CEG3r_PQ0QRp-D0ZeKAzOQhGD24", "expire_date": "2023-09-14T12:04:30.105Z"}}, {"model": "fuw.evaluation", "pk": 1, "fields": {"name": "Test", "score": "22.0", "picture": ""}}, {"model": "fuw.evaluation", "pk": 2, "fields": {"name": "Test", "score": "19.0", "picture": ""}}, {"model": "fuw.evaluation", "pk": 3, "fields": {"name": "Test", "score": "17.0", "picture": ""}}, {"model": "fuw.evaluation", "pk": 4, "fields": {"name": "Test", "score": "16.0", "picture": ""}}, {"model": "fuw.evaluation", "pk": 6, "fields": {"name": "Test", "score": "18.0", "picture": ""}}, {"model": "fuw.evaluation", "pk": 7, "fields": {"name": "Test", "score": "23.0", "picture": ""}}, {"model": "fuw.evaluation", "pk": 8, "fields": {"name": "Test", "score": "4.0", "picture": ""}}, {"model": "fuw.evaluation", "pk": 9, "fields": {"name": "Test", "score": "26.0", "picture": ""}}, {"model": "fuw.evaluation", "pk": 10, "fields": {"name": "Test", "score": "20.0", "picture": ""}}, {"model": "fuw.evaluation", "pk": 11, "fields": {"name": "Test", "score": "9.0", "picture": ""}}, {"model": "fuw.evaluation", "pk": 12, "fields": {"name": "Test", "score": "11.0", "picture": ""}}, {"model": "fuw.evaluation", "pk": 13, "fields": {"name": "Test", "score": "8.0", "picture": ""}}, {"model": "fuw.evaluation", "pk": 14, "fields": {"name": "Test", "score": "12.0", "picture": ""}}, {"model": "fuw.evaluation", "pk": 15, "fields": {"name": "Test", "score": "10.0", "picture": ""}}, {"model": "fuw.evaluation", "pk": 16, "fields": {"name": "Test", "score": "24.0", "picture": ""}}, {"model": "fuw.evaluation", "pk": 17, "fields": {"name": "Test", "score": "15.0", "picture": ""}}, {"model": "fuw.evaluation", "pk": 18, "fields": {"name": "Test", "score": "14.0", "picture": ""}}, {"model": "fuw.evaluation", "pk": 19, "fields": {"name": "Test", "score": "21.0", "picture": ""}}, {"model": "fuw.classname", "pk": 1, "fields": {"name": "Analog Electronic Circuit", "code": "EEE 303", "evaluation": 1}}, {"model": "fuw.classname", "pk": 2, "fields": {"name": "Analog Electronic Circuit", "code": "EEE 303", "evaluation": 2}}, {"model": "fuw.classname", "pk": 3, "fields": {"name": "Analog Electronic Circuit", "code": "EEE 303", "evaluation": 3}}, {"model": "fuw.classname", "pk": 4, "fields": {"name": "Analog Electronic Circuit", "code": "EEE 303", "evaluation": 4}}, {"model": "fuw.classname", "pk": 5, "fields": {"name": "Analog Electronic Circuit", "code": "EEE 303", "evaluation": 6}}, {"model": "fuw.classname", "pk": 6, "fields": {"name": "Analog Electronic Circuit", "code": "EEE 303", "evaluation": 7}}, {"model": "fuw.classname", "pk": 7, "fields": {"name": "Analog Electronic Circuit", "code": "EEE 303", "evaluation": 8}}, {"model": "fuw.classname", "pk": 8, "fields": {"name": "Electrical Machines", "code": "EEE 307", "evaluation": 9}}, {"model": "fuw.classname", "pk": 9, "fields": {"name": "Electrical Machines", "code": "EEE 307", "evaluation": 1}}, {"model": "fuw.classname", "pk": 10, "fields": {"name": "Electrical Machines", "code": "EEE 307", "evaluation": 10}}, {"model": "fuw.classname", "pk": 11, "fields": {"name": "Electrical Machines", "code": "EEE 307", "evaluation": 11}}, {"model": "fuw.classname", "pk": 12, "fields": {"name": "Electrical Machines", "code": "EEE 307", "evaluation": 12}}, {"model": "fuw.classname", "pk": 13, "fields": {"name": "Electrical Machines", "code": "EEE 307", "evaluation": 13}}, {"model": "fuw.classname", "pk": 14, "fields": {"name": "Electrical Machines", "code": "EEE 307", "evaluation": 14}}, {"model": "fuw.classname", "pk": 15, "fields": {"name": "Electrical Machines", "code": "EEE 307", "evaluation": 15}}, {"model": "fuw.classname", "pk": 16, "fields": {"name": "Electrical Machines", "code": "EEE 307", "evaluation": 6}}, {"model": "fuw.classname", "pk": 17, "fields": {"name": "Circuit Theory I", "code": "EEE 301", "evaluation": 16}}, {"model": "fuw.classname", "pk": 18, "fields": {"name": "Circuit Theory I", "code": "EEE 301", "evaluation": 6}}, {"model": "fuw.classname", "pk": 19, "fields": {"name": "Circuit Theory I", "code": "EEE 301", "evaluation": 1}}, {"model": "fuw.classname", "pk": 20, "fields": {"name": "Circuit Theory I", "code": "EEE 301", "evaluation": 17}}, {"model": "fuw.classname", "pk": 21, "fields": {"name": "Circuit Theory I", "code": "EEE 301", "evaluation": 18}}, {"model": "fuw.classname", "pk": 22, "fields": {"name": "Circuit Theory I", "code": "EEE 301", "evaluation": 10}}, {"model": "fuw.classname", "pk": 23, "fields": {"name": "Circuit Theory I", "code": "EEE 301", "evaluation": 19}}, {"model": "fuw.student", "pk": 1, "fields": {"first_name": "Mordecai", "last_name": "Jacob", "matric_number": "ENG/COE/20/013", "classname": 7}}, {"model": "fuw.student", "pk": 2, "fields": {"first_name": "Vakkai", "last_name": "Bartholomew", "matric_number": "ENG/COE/20/004", "classname": 3}}, {"model": "fuw.student", "pk": 3, "fields": {"first_name": "Emoya", "last_name": "Ingyaken", "matric_number": "ENG/COE/20/006", "classname": 5}}, {"model": "fuw.student", "pk": 4, "fields": {"first_name": "Possible", "last_name": "Sangkpbown", "matric_number": "ENG/COE/20/008", "classname": 6}}, {"model": "fuw.student", "pk": 5, "fields": {"first_name": "Rewus", "last_name": "Jezreel", "matric_number": "ENG/COE/20/012", "classname": 5}}, {"model": "fuw.student", "pk": 6, "fields": {"first_name": "Abah", "last_name": "Abah", "matric_number": "ENG/COE/20/009", "classname": 1}}, {"model": "fuw.student", "pk": 7, "fields": {"first_name": "Khanin", "last_name": "Peter", "matric_number": "ENG/COE/20/005", "classname": 2}}, {"model": "fuw.student", "pk": 8, "fields": {"first_name": "Idagu", "last_name": "Obogo", "matric_number": "ENG/COE/20/002", "classname": 1}}, {"model": "fuw.student", "pk": 9, "fields": {"first_name": "Micaiah", "last_name": "Dogara", "matric_number": "ENG/COE/20/007", "classname": 3}}, {"model": "fuw.student", "pk": 10, "fields": {"first_name": "Gideon", "last_name": "Shadrach", "matric_number": "ENG/COE/20/010", "classname": 4}}, {"model": "fuw.student", "pk": 11, "fields": {"first_name": "Muhammad", "last_name": "Yusuf", "matric_number": "ENG/COE/20/033", "classname": 3}}, {"model": "fuw.student", "pk": 12, "fields": {"first_name": "Atabo", "last_name": "Moses", "matric_number": "ENG/COE/20/003", "classname": 2}}, {"model": "fuw.student", "pk": 13, "fields": {"first_name": "Ama", "last_name": "David", "matric_number": "PAS/PAP/20/008", "classname": 8}}, {"model": "fuw.student", "pk": 14, "fields": {"first_name": "Idagu", "last_name": "Obogo", "matric_number": "ENG/COE/20/002", "classname": 8}}, {"model": "fuw.student", "pk": 15, "fields": {"first_name": "Ama", "last_name": "David", "matric_number": "PAS/PAP/20/008", "classname": 8}}, {"model": "fuw.student", "pk": 16, "fields": {"first_name": "Terkuma", "last_name": "Jude", "matric_number": "PAS/PAP/20/020", "classname": 9}}, {"model": "fuw.student", "pk": 17, "fields": {"first_name": "Muhammad", "last_name": "Yusuf", "matric_number": "ENG/COE/21/033", "classname": 10}}, {"model": "fuw.student", "pk": 18, "fields": {"first_name": "Vakkai", "last_name": "Bartholomew", "matric_number": "ENG/COE/20/004", "classname": 11}}, {"model": "fuw.student", "pk": 19, "fields": {"first_name": "Possible", "last_name": "Sangkpbown", "matric_number": "ENG/COE/20/008", "classname": 8}}, {"model": "fuw.student", "pk": 20, "fields": {"first_name": "Abah", "last_name": "Abah", "matric_number": "ENG/COE/20/009", "classname": 12}}, {"model": "fuw.student", "pk": 21, "fields": {"first_name": "Khanin", "last_name": "Peter", "matric_number": "ENG/COE/20/005", "classname": 10}}, {"model": "fuw.student", "pk": 22, "fields": {"first_name": "Micaiah", "last_name": "Dogara", "matric_number": "ENG/COE/20/007", "classname": 13}}, {"model": "fuw.student", "pk": 23, "fields": {"first_name": "Emoya", "last_name": "Ingyaken", "matric_number": "ENG/COE/20/006", "classname": 14}}, {"model": "fuw.student", "pk": 24, "fields": {"first_name": "Gideon", "last_name": "Shadrach", "matric_number": "ENG/COE/20/010", "classname": 15}}, {"model": "fuw.student", "pk": 25, "fields": {"first_name": "Atabo", "last_name": "Moses", "matric_number": "ENG/COE/20/003", "classname": 16}}, {"model": "fuw.student", "pk": 26, "fields": {"first_name": "Possible", "last_name": "Sangkpbown", "matric_number": "ENG/COE/20/008", "classname": 17}}, {"model": "fuw.student", "pk": 27, "fields": {"first_name": "Ama", "last_name": "David", "matric_number": "PAS/PAP/20/008", "classname": 17}}, {"model": "fuw.student", "pk": 28, "fields": {"first_name": "Khanin", "last_name": "Peter", "matric_number": "ENG/COE/20/005", "classname": 18}}, {"model": "fuw.student", "pk": 29, "fields": {"first_name": "Siki", "last_name": "Atobore", "matric_number": "EDU/MED/20/004", "classname": 19}}, {"model": "fuw.student", "pk": 30, "fields": {"first_name": "Atabo", "last_name": "Moses", "matric_number": "ENG/COE/20/003", "classname": 19}}, {"model": "fuw.student", "pk": 31, "fields": {"first_name": "Emoya", "last_name": "Ingyaken", "matric_number": "ENG/COE/20/006", "classname": 18}}, {"model": "fuw.student", "pk": 32, "fields": {"first_name": "Rewus", "last_name": "Jezreel", "matric_number": "ENG/COE/20/012", "classname": 20}}, {"model": "fuw.student", "pk": 33, "fields": {"first_name": "Vakkai", "last_name": "Bartholomew", "matric_number": "ENG/COE/20/004", "classname": 21}}, {"model": "fuw.student", "pk": 34, "fields": {"first_name": "Terkuma", "last_name": "Jude", "matric_number": "PAS/PAP/20/020", "classname": 23}}, {"model": "fuw.student", "pk": 35, "fields": {"first_name": "Micaiah", "last_name": "Dogara", "matric_number": "ENG/COE/20/007", "classname": 22}}, {"model": "fuw.student", "pk": 36, "fields": {"first_name": "Muhammad", "last_name": "Yusuf", "matric_number": "ENG/COE/21/033", "classname": 20}}, {"model": "fuw.student", "pk": 37, "fields": {"first_name": "Gideon", "last_name": "Shadrach", "matric_number": "ENG/COE/20/010", "classname": 22}}, {"model": "fuw.student", "pk": 38, "fields": {"first_name": "Idagu", "last_name": "Obogo", "matric_number": "ENG/COE/20/002", "classname": 17}}, {"model": "fuw.student", "pk": 39, "fields": {"first_name": "Abah", "last_name": "Abah", "matric_number": "ENG/COE/20/009", "classname": 18}}]